"f credit lines, spreads of loan rates over the bank’s cost of funds, premiums charged on riskier loans, 
loan covenants, collateralization requirements, and use of interest rate floors. 
5 Banks were asked about the costs, maximum size, and maximum maturity of credit lines; spreads of loan 
rates over the bank’s cost of funds; premiums charged on riskier loans; terms on loan covenants; collateralization 
requirements; and the use of interest rate floors. 
6 Large banks are defined as those with total domestic assets of $100 billion or more as of June 30, 2024. 
Other banks are defined as those with total domestic assets of less than $100 billion as of June 30, 2024.

reported weaker demand for small firms.7 Furthermore, a moderate net share of banks reported a 
decrease in the number of inquiries from potential borrowers regarding the availability and terms 
of new credit lines or increases in existing lines. Lastly, a modest net share of foreign banks 
reported stronger demand for C&I loans over the third quarter. 
The most frequently cited reasons for weakening demand, reported by major net shares of banks, 
were that customer investment in plant or equipment decreased, customer inventory financing 
needs decreased, customer accounts receivable financing needs decreased, and customer merger 
or acquisition financing needs decreased. 
Questions on commercial real estate lending. Over the third quarter, moderate net shares of 
banks reported having tightened standards for all types of CRE loans. Large banks reported that 
lending standards were basically unchanged for construction and land development (CLD) and 
nonfarm nonresidential (NFNR) loans, while a modest net share of large banks reported easier 
lending standards for multifamily (MF) loans. In contrast, significant net shares of other banks 
reported tightening for all CRE loan categories. Lastly, foreign banks reported that standards for 
CRE loans remained basically unchanged over the third quarter. 
Meanwhile, a moderate net share of banks reported weaker demand for CLD loans, and modest 
net shares of banks reported weaker demand for NFNR and MF loans. In contrast, a significant 
net share of foreign banks reported stronger demand for CRE loans. 
Lending to Households 
(Table 1, questions 13–26) 
Questions on residential real estate lending. Over the third quarter banks reported that, on 
balance, lending standards were basically unchanged for all RRE loan categories except for those 
classified as subprime, for which a moderate net share of banks reported tightening standards.8 
In addition, banks reported that standards for HELOCs were basically unchanged. 
7 A moderate net share of large banks reported weaker demand from large and middle-market firms, while 
demand from small firms was basically unchanged. Significant net shares of other banks reported weaker demand 
from firms of all sizes. 
8 The seven categories of residential home-purchase loans that banks are asked to consider are GSE-
eligible, government, QM non-jumbo non-GSE-eligible, QM jumbo, non-QM jumbo, non-QM non-jumbo, and 
subprime. See the survey results tables that follow this summary for a description of each of these loan categories. 
The definition of a QM was introduced in the 2013 Mortgage Rules under the Truth in Lending Act (12 C.F.R. pt. 
1026.32, Regulation Z). The standard for a QM excludes mortgages with loan characteristics such as negative 
amortization, balloon and interest-only payment sc"
