"es, 
apparel, and autos. Energy prices and farm prices were mixed across products and among Districts. Low inventories of 
for-sale homes were pushing house prices higher in many markets. 
Boston 
Overall, economic growth was modest, with only one-half 
of retail and manufacturing contacts reporting year-over-
year gains in revenue. Housing markets were strong 
despite low inventories. Labor markets remained tight, 
with employers facing limited supply. Price pressures 
continued to be modest. T"
