id,paragraph
1,"niques are more readily available in richer countries. The international data can help us evaluate a theory of growth, such as the Solow model, because they show us whether the theory’s predictions are borne out in the world. But often more than one theory can explain the same facts. n Alternative Perspectives on Population Growth The Solow growth model highlights the interaction between population growth and capital accumulation. In this model, high population growth reduces output per worker because rapid growth in the number of workers forces the capital stock to be spread more thinly, so in the steady state, each worker is equipped with less capital. The model omits some other potential effects of population growth. Here we consider two—one emphasizing the interaction of population with natural resources, the other emphasizing the interaction of population with technology."
2,"The Malthusian Model In his book An Essay on the Principle of Population as It Affects the Future Improvement of Society, the early economist Thomas Robert Malthus (1766–1834) offered what may be history’s most chilling forecast. Malthus argued that an ever-increasing population would continually strain society’s ability to provide for itself. Mankind, he predicted, would forever live in poverty. Malthus began by noting that “food is necessary to the existence of man” and that “the passion between the sexes is necessary and will remain nearly in its present state.” He concluded that “the power of population is infinitely greater than the power in the earth to produce subsistence for man.” According to Malthus, the only check on population growth was “misery and vice.” Attempts by charities or governments to alleviate poverty were counterproductive, he argued, because they merely allowed the poor to have more children, placing even greater strains on society’s productive capabilities."
3,"The Malthusian model may have described the world when Malthus lived, but its prediction that mankind would remain in poverty forever has proven very wrong. The world population has increased about sevenfold over the past two centuries, but average living standards are much higher. Because of economic growth, chronic hunger and malnutrition are less common now than they were in Malthus’s day. Famines occur from time to time, but they are more often the result of unequal income distribution or political instability than the inadequate production of food. Malthus failed to foresee that growth in mankind’s ingenuity would more than offset the effects of a larger population. Pesticides, fertilizers, mechanized farm equipment, new crop varieties, and other technological advances that Malthus never imagined have allowed each farmer to feed ever-greater numbers of people. Even with more mouths to feed, fewer farmers are necessary because each farmer is so productive. Today, only about 1 percent of Americans work on farms, producing enough food to feed the nation and some excess to export as well."
4,"In addition, although the “passion between the sexes” is just as strong now as it was in Malthus’s day, the link between passion and population growth that Malthus assumed has been broken by modern birth control. Many advanced nations, such as those in western Europe, are now experiencing fertility below replacement rates. Over the next century, shrinking populations may be more likely than rapidly expanding ones. There is now little reason to think that an ever-expanding population will overwhelm food production and doom mankind to poverty.6 The Kremerian Model While Malthus saw population growth as a threat to rising living standards, economist Michael Kremer has suggested that world population growth is a key driver of advancing economic prosperity. If there are more people, Kremer argues, then there are more scientists, inventors, and engineers to contribute to innovation and technological progress."
5,"nd, in fact, seemed to regress. Around 3000 B.C., human society on Flinders Island died out completely. Kremer concludes from this evidence that a large population is a prerequisite for technological advance.7 8-4 Conclusion This chapter has started the process of building the Solow growth model. The model as developed so far shows how saving and population growth determine the economy’s steady-state capital stock and its steady-state level of income per person. As we have seen, it sheds light on many features of actual growth experiences—why Germany and Japan grew so rapidly after being devastated by World War II, why countries that save and invest a high fraction of their output are richer than countries that save and invest a smaller fraction, and why countries with high rates of population growth are poorer than countries with low rates of population growth. What the model cannot do, however, is explain the persistent growth in living standards we observe in most countries. In the model we have developed so far, output per worker stops growing when the economy reaches its steady state. To explain persistent growth, we need to introduce technological progress into the model. That is our first job in the next chapter."
6,"growth experiences, but it is far
from the last word on the subject.
Our third task is to examine how a nation’s public policies can influence the level
and growth of its citizens’ standard of living. In particular, we address five questions:
Should our society save more or less? How can policy influence the rate of saving?
Are there some types of investment that policy should especially encourage? What
institutions ensure that the economy’s resources are put to their best use? How
can policy increase the rate of technological progress? The Solow growth model
provides the theoretical framework within which we consider these policy issues.
Our fourth and final task is to consider what the Solow model leaves out.
As we have discussed previously, models help us understand the world by simplifying it. After completing an analysis of a model, therefore, it is important to
consider whether we have oversimplified matters. In the last section, we examine
a new set of theories, called endogenous growth theories, which help to explain the
technological progress that the Solow model takes as exogenous."
7,"9-1 Technological Progress in the
Solow Model
So far, our presentation of the Solow model has assumed an unchanging relationship between the inputs of capital and labor and the output of goods and services.
Yet the model can be modified to include exogenous technological progress,
which over time expands society’s production capabilities.
The Efficiency of Labor
To incorporate technological progress, we must return to the production function that relates total capital K and total labor L to total output Y. Thus far, the
production function has been
Y 5 F(K, L).
We now write the production function as
Y 5 F(K, L  E),
where E is a new (and somewhat abstract) variable called the efficiency of labor.
The efficiency of labor is meant to reflect society’s knowledge about production
methods: as the available technology improves, the efficiency of labor rises, and
each hour of work contributes more to the production of goods and services. For
instance, the efficiency of labor rose when assembly-line production transformed
manufacturing in the early twentieth century, and it rose again when computerization was introduced in the late twentieth century. The efficiency of labor also rises
when there are improvements in the health, education, or skills of the labor force.
CHAPTER 9 Economic Growth II: Technology, Empirics, and Policy | 243
The term L  E can be interpreted as measuring the effective number of workers.
It takes into account the number of actual workers L and the efficiency of each
worker E. In other words, L measures the number of workers in the labor force,
whereas L  E measures both the workers and the technology with which the
typical worker comes equipped. This new production function states that total
output Y depends on the inputs of capital K and effective workers L  E."
