"commercial real estate lending. Over the fourth quarter, a significant net share of 
banks eased standards for multifamily loans secured by multifamily properties, while moderate net 
shares of banks eased standards for construction, land development , and nonfarm nonresidential 
loans. Meanwhile, a significant net share of banks reported stronger demand for loans secured by 
multifamily properties , and moderate net shares of banks reported stronger demand for 
construction, land development , and nonfarm nonre sidential loans. Foreign banks reported that 
standards on CRE loans remained basically unchanged, on net, while a significant net share of 
foreign banks reported stronger demand for this type of loans. 
Lending to Households 
(Table 1, questions 13– 26) 
Questions on residential real estate lending. Over the fourth quarter, banks reported easier 
lending standards for most RRE loan types and HELOCs.5 Specifically, m oderate net shares of 
banks eased standards for jumbo mortgages, non -qualified mortgage (QM) non-jumbo loans, and 
HELOCs, while a modest net share of banks eased standards for QM non-jumbo residential loans. 
The exceptions were government -sponsored enterprise (GSE) -eligible and government 
mortgages—for which standards were basically unchanged, on net —and subprime mortgages, 
which few banks reported as originating. 
Meanwhile, banks generally reported weaker demand for RRE loans over the fourth quarter. 
Specifically, s ignificant net shares of banks reported weaker demand for GSE -eligible and 
government mortgages; moderate net shares of banks reported weaker demand for QM non-jumbo, 
non-QM jumbo, and non-QM non-jumbo residential loans ; and a modest net share of banks 
reported weaker demand for QM jumbo mortgages. Demand for HELOCs remai ned basically 
unchanged on net. 
Questions on consumer lending. Over the fourth quarter, moderate net shares of banks eased 
standards for credit card, auto, and other consumer loans . Consistent with an easing of standards 
 
5 The seven categories of residential home -purchase loans that banks are asked to consider are GSE-eligible, 
government, QM non-jumbo non-GSE-eligible, QM jumbo, non-QM jumbo, non-QM non-jumbo, a nd subprime. See 
the survey results tables that follow this summary for a description of each of these loan categories. The definiti on of 
a QM was introduced in the 2013 Mortg age Rules under the Truth in Lending Act (12 C.F.R. pt. 1026.32, Regulation 
Z). The standard for a QM excludes mortgages with loan characteristics such as negative amortization, balloon and 
interest-only payment schedules, terms exceeding 30 years, alt-A or no documentation, and total points a nd fees that 
exceed 3 percent of the loan amount. In addition, a QM requires that the monthly debt-to-income ra tio of borrowers 
not exceed 43 percent. For more on the ability to repay and QM standards under Regulation Z, see Consumer Financial 
Protections Bureau (2019), “Ability to Repay and Qualified Mortgage Standards Under the Truth in Lending A ct 
(Regulation Z),” webpage, https://www.consumerfinance.gov/regulations/ability-to-repay-and-qualified-mo rtga ge-
sta ndards-under-the-truth-in-lending-act-regulation-z.

4 
 
for credit card loans, a significant and moderate net share of banks also reported having eased 
minimum credit score requirements and credit limits for this type of loans , respectively. 
Meanwhile, a significant net s hare of banks reported having reduced spr"
