gid,token_total,simscore_percentage,adj_token,_simscore_pct,std,cv,mean,round_adj_token
FOMC201809,16000,100,9598,100,0.039040209,0.054067147,0.722068966,10000
FOMC202207,10000,26,9812,26,0.048911804,0.204386499,0.239310345,10000
FOMC202312,18000,90.5,17957,90.5,0.057779093,1.10966471,0.052068966,18000
FOMC201912,13000,33,12877,33,0.038500208,0.139563254,0.275862069,13000
FOMC201909,17000,26.5,16925,26.5,0.045039665,0.264939206,0.17,17000
FOMC202401,11000,35.5,10990,35.5,0.087638701,0.34578535,0.253448276,11000
FOMC202212,19000,90,18923,90,0.074407346,0.420626325,0.176896552,19000
FOMC201808,14000,64,13976,64,0.035089611,0.047286186,0.742068966,14000
FOMC201803,18000,21.5,17765,21.5,0.07572962,0.155425264,0.487241379,18000
FOMC202107,13000,56.5,12968,56.5,0.057092959,0.146781542,0.388965517,13000
FOMC202407,15000,97.5,14894,97.5,0.05253664,0.245735896,0.213793103,15000
FOMC202101,11000,25,10870,25,0.033443578,0.215047397,0.155517241,11000
FOMC202012,15000,37,14835,37,0.068734156,0.714441051,0.096206897,15000
FOMC202501,11000,67,10973,67,0.051790598,0.203789326,0.254137931,11000
FOMC202107,18000,80,17995,80,0.065581445,0.171454758,0.3825,18000
FOMC201709,14000,14.5,13825,14.5,0.042553936,0.123037301,0.345862069,14000
FOMC201805,20000,100,11958,100,0.084723543,0.17676135,0.479310345,12000
FOMC202305,14000,46.5,13899,46.5,0.082871792,8.01093994,0.010344828,14000
FOMC202405,17000,60,16957,60,0.062319691,0.484523064,0.12862069,17000
FOMC201905,12000,27,11887,27,0.047891503,0.211071974,0.226896552,12000
FOMC202001,19000,100,14288,100,0.046163129,0.220912664,0.208965517,14000
FOMC202306,13000,41.5,12993,41.5,0.047734384,0.954687683,0.05,13000
FOMC202207,16000,46.5,15733,46.5,0.072966691,0.272333852,0.267931034,16000
FOMC201903,10000,27,9915,27,0.042120517,0.305373746,0.137931034,10000
FOMC201706,17000,18,16978,18,0.060626857,0.157684202,0.384482759,17000
FOMC202112,12000,73,11875,73,0.058631772,0.228537822,0.256551724,12000
FOMC202503,19000,100,18245,100,0.084181074,0.319954278,0.263103448,18000
FOMC202007,15000,69.5,14977,69.5,0.038519396,0.166477269,0.23137931,15000
FOMC202009,15000,48,14858,48,0.073211012,0.599751225,0.122068966,15000
FOMC202503,11000,56.5,10874,56.5,0.083580586,0.334322342,0.25,11000
FOMC202112,18000,100,15745,100,0.068630158,0.250664303,0.273793103,16000
FOMC201706,13000,13,12946,13,0.060458022,0.159679657,0.37862069,13000
FOMC201903,20000,57.5,19933,57.5,0.050044315,0.32250781,0.155172414,20000
FOMC202207,14000,40.5,13832,40.5,0.062428284,0.265847318,0.234827586,14000
FOMC202306,17000,56.5,16938,56.5,0.038452197,0.961304917,0.04,17000
FOMC202001,11000,74,10905,74,0.049574545,0.250028138,0.198275862,11000
FOMC201905,18000,42,17878,42,0.051918845,0.21820964,0.237931034,18000
FOMC202405,13000,44,12856,44,0.038458602,0.315948852,0.121724138,13000
FOMC202305,16000,53.5,15992,53.5,0.067686979,4.176430604,0.016206897,16000
FOMC201805,10000,81,9952,81,0.080648541,0.169971489,0.474482759,10000
FOMC201709,17000,17.5,16908,17.5,0.063884903,0.181455649,0.352068966,17000
FOMC202107,12000,50.5,11880,50.5,0.060689795,0.15465765,0.392413793,12000
FOMC202412,19000,50,18920,50,0.05555364,0.172674765,0.321724138,19000
FOMC202012,14000,34,13910,34,0.062792174,0.784902178,0.08,14000
FOMC202101,19000,45.5,18993,45.5,0.05827149,0.4224683,0.137931034,19000
FOMC202407,15000,97.5,14894,97.5,0.05253664,0.245735896,0.213793103,15000
FOMC202106,17000,67,16840,67,0.075020523,0.183285186,0.409310345,17000
FOMC201801,12000,15,11771,15,0.034323153,0.056331151,0.609310345,12000
FOMC201806,16000,60,15964,60,0.038085333,0.055058558,0.691724138,16000
FOMC202212,10000,44.5,9889,44.5,0.063153968,0.367027067,0.172068966,10000
FOMC202401,19000,64,18952,64,0.060616699,0.267970165,0.226206897,19000
FOMC201909,13000,20,12964,20,0.05839394,0.339363579,0.172068966,13000
FOMC201912,17000,44,16962,44,0.048886619,0.184838584,0.264482759,17000
FOMC202312,12000,58.5,11935,58.5,0.022780815,0.364996478,0.062413793,12000
FOMC202209,20000,100,19669,100,0.090932498,0.403834984,0.225172414,20000
FOMC201809,14000,100,9598,100,0.039040209,0.054067147,0.722068966,10000
FOMC201705,18000,15,17876,15,0.074851248,0.221498592,0.337931034,18000
FOMC202205,13000,21.5,12833,21.5,0.054646197,0.36016812,0.151724138,13000
FOMC202506,16000,94,15944,94,0.068001014,0.298340304,0.227931034,16000
FOMC202004,11000,19.5,10898,19.5,0.090353711,0.17692489,0.510689655,11000
FOMC202006,18000,23,17789,23,0.075191054,0.168641961,0.445862069,18000
FOMC202507,13000,79.5,12921,79.5,0.035142216,0.522627833,0.067241379,13000
FOMC202201,15000,77.5,14972,77.5,0.055269158,0.273050354,0.202413793,15000
FOMC201703,11000,15,10851,15,0.070987059,0.161460762,0.439655172,11000
FOMC201812,17000,40.5,16924,40.5,0.034906631,0.05972226,0.584482759,17000
FOMC202211,12000,50.5,11923,50.5,0.092558063,0.424712632,0.217931034,12000
FOMC202311,19000,100,18450,100,0.055378234,0.683390969,0.081034483,18000
FOMC201910,14000,17.5,13854,17.5,0.046413222,0.280413217,0.165517241,14000
FOMC201907,16000,22.5,15778,22.5,0.072599516,0.319481935,0.227241379,16000
FOMC202312,10000,48,9983,48,0.05703037,0.934395886,0.061034483,10000
FOMC202302,18000,100,15926,100,0.073276586,0.722796261,0.10137931,16000
FOMC201808,13000,59,12939,59,0.044458981,0.060191898,0.73862069,13000
FOMC201712,19000,25.5,18982,25.5,0.065958264,0.128894182,0.511724138,19000
FOMC202104,15000,52,14966,52,0.049092754,0.16709975,0.293793103,15000
FOMC202409,16000,49,15991,49,0.096473534,0.247368037,0.39,16000
FOMC202103,12000,40,11824,40,0.090090267,0.482923796,0.186551724,12000
FOMC202011,17000,98,16412,98,0.082733473,0.95588475,0.086551724,16000
FOMC202411,12000,18,11748,18,0.075475504,0.248162088,0.304137931,12000
FOMC202109,19000,100,14759,100,0.050803883,0.169932248,0.298965517,15000
FOMC201711,15000,20,14986,20,0.072230474,0.169472795,0.426206897,15000
FOMC201803,18000,21.5,17765,21.5,0.07572962,0.155425264,0.487241379,18000
FOMC202303,13000,74,12895,74,0.039153607,0.26970418,0.145172414,13000
FOMC202406,16000,53,15908,53,0.045793497,0.187307673,0.244482759,16000
FOMC201906,11000,26,10959,26,0.055298117,0.386420579,0.143103448,11000
FOMC202003,20000,20,19807,20,0.065307156,0.701447232,0.093103448,20000
FOMC202307,14000,27.5,13906,27.5,0.063500126,1.860104703,0.034137931,14000
FOMC202206,17000,46.5,16992,46.5,0.072685977,0.367869691,0.197586207,17000
FOMC201901,12000,14.5,11976,14.5,0.103143928,0.227292851,0.453793103,12000
FOMC201707,15000,16.5,14927,16.5,0.051315214,0.159159489,0.322413793,15000
FOMC202201,11000,54.5,10872,54.5,0.070021109,0.244652067,0.286206897,11000
FOMC202501,18000,100,15751,100,0.071546946,0.277759229,0.257586207,16000
FOMC202007,14000,63.5,13873,63.5,0.041033448,0.171960981,0.23862069,14000
FOMC202007,20000,95,19900,95,0.0399692,0.168230305,0.237586207,20000
FOMC202503,14000,72.5,13909,72.5,0.071068551,0.276642681,0.256896552,14000
FOMC202112,17000,100,15745,100,0.068630158,0.250664303,0.273793103,16000
FOMC201707,11000,11.5,10523,11.5,0.057159788,0.182157567,0.313793103,11000
FOMC201812,15000,35,14893,35,0.125708828,0.221345234,0.567931034,15000
FOMC202206,11000,29,10939,29,0.063942708,0.325894296,0.196206897,11000
FOMC202309,18000,87.5,17953,87.5,0.037069366,0.402626078,0.092068966,18000
FOMC202003,13000,12,12746,12,0.050820848,0.672970137,0.075517241,13000
FOMC201905,16000,37.5,15943,37.5,0.059200336,0.244211913,0.242413793,16000
FOMC202405,12000,40.5,11846,40.5,0.048886619,0.463304555,0.105517241,12000
FOMC202303,19000,100,17090,100,0.039916785,0.232447144,0.171724138,17000
FOMC201803,15000,18,14913,18,0.060339761,0.131567899,0.45862069,15000
FOMC201711,18000,24.5,17784,24.5,0.067170102,0.166917992,0.402413793,18000
FOMC202109,13000,87,12880,87,0.060772936,0.210815209,0.288275862,13000
FOMC202411,16000,25.5,15844,25.5,0.067113242,0.194823224,0.344482759,16000
FOMC202009,10000,30,9995,30,0.044792901,0.337401069,0.132758621,10000
FOMC202103,16000,55.5,15998,55.5,0.136936918,0.685909429,0.199642857,16000
FOMC202409,11000,32.5,10945,32.5,0.083852733,0.20555615,0.407931034,11000
FOMC202104,19000,67,18941,67,0.046389335,0.146545831,0.316551724,19000
FOMC201712,13000,17,12936,17,0.08657694,0.165834297,0.522068966,13000
FOMC201808,19000,85,18916,85,0.034341088,0.047902432,0.716896552,19000
FOMC202302,15000,93.5,14899,93.5,0.052557733,0.483864841,0.10862069,15000
FOMC202401,17000,56.5,16913,56.5,0.060924729,0.262139044,0.232413793,17000
FOMC201907,12000,16.5,11949,16.5,0.064171491,0.274075589,0.234137931,12000
FOMC201910,18000,22,17899,22,0.047103282,0.285773052,0.164827586,18000
FOMC202309,14000,66.5,13908,66.5,,,,14000
FOMC202211,15000,65,14752,65,0.073939131,0.348656064,0.212068966,15000
FOMC201812,11000,25,10916,25,0.098828109,0.171003291,0.577931034,11000
FOMC201703,17000,24,16953,24,0.052963878,0.1106594,0.47862069,17000
FOMC202203,12000,25.5,11875,25.5,0.052063338,5.032789312,0.010344828,12000
FOMC202506,20000,100,17001,100,0.049886571,0.220535146,0.226206897,17000
FOMC202004,14000,25.5,13905,25.5,0.072748639,0.134891978,0.539310345,14000
FOMC202003,17000,16,16959,16,0.070172202,0.798036807,0.087931034,17000
FOMC202505,11000,64.5,10927,64.5,0.043290577,0.481006413,0.09,11000
FOMC202205,20000,34,19990,34,0.050874132,0.341516166,0.148965517,20000
FOMC201705,14000,11.5,13772,11.5,0.052127165,0.147337992,0.353793103,14000
